{"RdDMi45P5htpNP0eixfIQQ==":"11.jpg","3IUFMSBI8jO+6sFPR/Izow==":"background3.jpg","qDxXOO98Jd3C11iF2VmiGA==":"organika_logo%20copy-100x102.png","wJEXud7PUzvsKZQNk5UiMg==":"organika_new_icon-120x120.png","Q2bIa1C/Bj0dEr5BqqINqg==":"organika_new_icon-122x122.png","lsVAOpqyJUK8XqoNJe/S2Q==":"regent%20back%2015-1110x833.jpg","UpUsd8s/ro/lZPiG5qKBLA==":"prahran%202-1110x833.jpg","vVhjK/ZJHX+pZKhx2slZ0w==":"gnurru-1110x737.jpg","P+emOhUfRe0sN7Rk+My1/Q==":"sandy%20back%2005-2000x1500.jpg","zn47id77d3n01b0ZOhwS3w==":"yahood2-2000x1500.jpg","GgGurWO2hsfFRJzRnBjQTA==":"prahran%202-2000x1500.jpg","w3EM7wncguoCc6wbOkLLIg==":"yahood1-2000x1500.jpg","GlCITAh+bABOh9M3H+F2nw==":"sandy%20back%2003-2000x1500.jpg","v0VUYNPhdqnds9RwVs4xCA==":"azaleas-2000x1500.jpg","qcGIiA54u3jEV3u9OJWywg==":"porter%20st%20(1)-2000x1500.jpg","AoVi/Bf5c/rjK2hPAaWFhw==":"regent%20atrium%2012-2000x1500.jpg","eJtetkJpendYuqXbRNVe0A==":"dave%20front%204-2000x1500.jpg","zIMvCgpnm43+l3c5K4vNFQ==":"david-clode-13pjnbadmcg-unsplash-2000x1397.jpg","OBAXICDQaej3zskkt1VWpQ==":"david-clode-13pjnbadmcg-unsplash-2000x1397.jpeg","ryYqb8UI1xHERKd4b3YCcg==":"erda-estremera-0zxdagg4awu-unsplash-2000x2997.jpg","gkEgme100EBW7yWs5YoTOQ==":"yahood1-2000x1500-800x600.jpg","Pj12EcROJLiiwkRWK4sc0w==":"organika_logo%20copy-120x122.png","vRhTLZnNTETd801fvGZAAw==":"03.jpg","mjlRc5XQwnDAN6v7q1otRA==":"background4.jpg","Pid/3UEGL6zPPC/Y9Y7X2Q==":"jonathan-borba-47whm1zevfu-unsplash-972x1458.jpg","jVH3jHXFQ8p+sCny29svVQ==":"01.jpg","pa5Dkwo/T1qgW/t0h+fQvA==":"background5.jpg","cOLDP/0t6eRaP0SUmBxiPA==":"4%20site%20image%204-1110x833.jpg","BHsENBdisyFpAZ/YJafmOQ==":"5%20site%20image%205-1110x816.jpg","ittodEoJ1eBW5t6DZ2nsaw==":"1%20site%20image%201-1440x1081.jpg","UzyP6WY+8BWcDQbl6bLsVg==":"2%20site%20image%202-2000x1500.jpg","dppFxURfFqJK2r075dsFfw==":"site_image-3-2000x1308.png","3T1Q5aFvUlOZwQOgiTyZSQ==":"site_image-6-1046x1400.png","6x0193OD080X9S+4gaXFOg==":"9%20site%20image%209-2000x1500.jpg","SJYf0AIiuttmsIpD9osQDQ==":"8%20site%20image%208-2000x1726.jpg","ygG8CsqdyU5AY4fxVi3P0g==":"12%20site%20image%2012-2000x2667.jpg","9QbU8TtOq8+hUEqIHEMrIA==":"site_image-11-1114x1486.png","+ZKW6t3pE/lfaiy1P0QMfQ==":"14%20site%20image%2014-2000x2667.jpg","pBdX4LDCzq7dj26jecK/WA==":"13%20site%20image%2013-2000x1500.jpg","gqrbOAzEEn8hQ+3kjmY7mA==":"15%20site%20image%2015-2000x1500.jpg","f+Pguubr175Rn5fs+YuYhQ==":"mbr-1920x1280.jpg","OP9X5Zz5U0nbDJQEmjDPaQ==":"organika_logo-120x24.png","inSZNECYWj63v6G4SzkXfQ==":"organika_logo-416x85.png"}